Ascomycota  YClonostachys rosea  Ascomycota  YMicroascus trigonosporus CBS 218.31  Ascomycota  Y Clonostachys rosea  Ascomycota  HAspergillus sydowii  Ascomycota  Y Aspergillus versicolor  Ascomycota  HColletotrichum orbiculare MAFF 240422  Ascomycota  HColletotrichum godetiae  Ascomycota  F Colletotrichum phormii  Ascomycota  YColletotrichum salicis  Ascomycota  Y Glomerella cingulata  Ascomycota  Y Glomerella cingulata  Ascomycota  Y Colletotrichum lupini  Ascomycota  YColletotrichum acutatum  Ascomycota  YColletotrichum fioriniae PJ7  Ascomycota  FUSED  - Colletotrichum nymphaeae SA-01  Ascomycota  YColletotrichum higginsianum IMI 349063  Ascomycota  YColletotrichum spaethianum  Ascomycota  Y Colletotrichum to fieldiae  Ascomycota  Y Colletotrichum eremochloae  Ascomycota  Y Colletotrichum sublineola  Ascomycota  Y Colletotrichum caudatum  Ascomycota  Y Colletotrichum somersetense  Ascomycota  Y Colletotrichum zoysiae  Ascomycota  YColletotrichum falcatum  Ascomycota  Y Colletotrichum graminicola M1.001  Ascomycota  YColletotrichum orbiculare MAFF 240422  Ascomycota  YColletotrichum gloeosporioides Nara gc5  Ascomycota  Y Colletotrichum gloeosporioides Nara gc5  Ascomycota  Y Corynespora cassiicola  Ascomycota  HClostridium oroticum  Firmicutes  Y Blautia schinkii DSM 10518  Firmicutes  Y Blautia schinkii DSM 10518  Firmicutes  YTreponema azotonutricium ZAS-9  Spirochaetes  Y Butyrivibrio sp.

PMI491  Ascomycota  YAspergillus acidus  Ascomycota  Y Aspergillus japonicus  Ascomycota  YAspergillus piperis  Ascomycota  Y Aspergillus kawachii IFO 4308  Ascomycota  YAspergillus neoniger  Ascomycota  YAspergillus vadensis  Ascomycota  Y Aspergillus costaricaensis  Ascomycota  YAspergillus tubingensis  Ascomycota  Y Aspergillus phoenicis  Ascomycota  Y Aspergillus welwitschiae  Ascomycota  Y Aspergillus lacticoeatus  Ascomycota  Y Aspergillus niger ATCC 1015  Ascomycota  Y Aspergillus niger NRRL3  Ascomycota  Y Aspergillus niger ATCC 13496  Ascomycota  Y Aspergillus niger CBS 513.88  Ascomycota  YAspergillus steynii IBT 23096  Ascomycota  Y Aspergillus petrakii  Ascomycota  YAspergillus subauricomus CBS 638.78  Ascomycota  YAspergillus nidulans FGSC A4  Ascomycota  Y Aspergillus nomius  Ascomycota  YAspergillus novoparasiticus  Ascomycota  Y Aspergillus parasiticus  Ascomycota  Y Aspergillus minisclerotigenes  Ascomycota  YAspergillus flavus NRRL3357  Ascomycota  Y Aspergillus oryzae RIB40  Ascomycota  Y Pestalotiopsis fi ci  Ascomycota  Y Pestalotiopsis sp.

4347FAA  Bacteroidetes  Y Bacteroides vulgatus mpk  Bacteroidetes  Y Bacteroides vulgatus 274-1D4  Bacteroidetes  Y Bacteroides vulgatus RJ2H1  Bacteroidetes  YHallella seregens ATCC 51272  Bacteroidetes  Y Prevotella ruminicola  Bacteroidetes  YSphingobacterium spiritivorum ATCC 33300  Bacteroidetes  Y Sphingobacterium spiritivorum ATCC 33861  Bacteroidetes  Y Sphingobacterium spiritivorum ATCC 33861  Bacteroidetes  YParaprevotella clara YIT 11840  Bacteroidetes  Y Bacteroides uniformis ATCC 8492  Bacteroidetes  Y Bacteroides vulgatus ATCC 8482  Bacteroidetes  Y Bacteroides vulgatus ATCC 8482  Bacteroidetes  YBacteroides cellulosilyticus CL02T12C19  Bacteroidetes  Y Bacteroides cellulosilyticus WH2  Bacteroidetes  Y Bacteroides cellulosilyticus DSM 14838  Bacteroidetes  Y Bacteroides sp.

AR20  Bacteroidetes  YBacteroides thetaiotaomicron NLAE-zl-P32  Bacteroidetes  Y Bacteroides thetaiotaomicron NLAE-zl-P699  Bacteroidetes  Y Bacteroides thetaiotaomicron 3731  Bacteroidetes  Y Bacteroides thetaiotaomicron NLAE-zl-H207  Bacteroidetes  YBacteroides thetaiotaomicron NLAE-zl-H492  Bacteroidetes  FUSED  Y Bacteroides thetaiotaomicron VPI-5482  Bacteroidetes  FUSED  Y Bacteroides thetaiotaomicron NLAE-zl-H463  Bacteroidetes  FUSED  Y Bacteroides thetaiotaomicron NLAE-zl-G288  Bacteroidetes  FUSED  Y Bacteroides thetaiotaomicron NLAE-zl-C579  Bacteroidetes  FUSED  Y Bacteroides thetaiotaomicron 7330  Bacteroidetes  FUSED  Y Bacteroides thetaiotaomicron NLAE-zl-C523  Bacteroidetes  FUSED  YFigure 6.

14A  Bacteroidetes  YBacteroides salyersiae CL02T12C01  Bacteroidetes  Y Bacteroides dorei 5136  Bacteroidetes  YBacteroides plebeius DSM 17135  Bacteroidetes  Y Bacteroides finegoldii DSM 17565  Bacteroidetes  Y Bacteroides ovatus 3847FAA  Bacteroidetes  Y Bacteroides ovatus NLAE-zl-H59  Bacteroidetes  Y Bacteroides ovatus NLAE-zl-H73  Bacteroidetes  Y Bacteroides ovatus CL03T12C18  Bacteroidetes  Y Bacteroides sp.

B. preformed the crystal structure of BT3687 N. T. and B. H. performed the phylogeny and H. J. G. supervised the work of J. L. M.-M. and A. C. and contributed to writing the manuscript.Acknowledgment--We thank Diamond Light Source for access to beamline I02 and I04 mx9948 and mx13587 that contributed to the results presented here.ReferencesLozupone C. A. Stombaugh J. I. Gordon J. I. Jansson J. K. and KnightR.

285 24519 -24528Thompson A. J. Cuskin F. Spears R. J. Dabin J. Turkenburg J. P. Gilbert H. J. and Davies G. J.

VCB2006  Firmicutes  YElizabethkingia anophelis NUHP1  Bacteroidetes  YBacteroides vulgatus CL09T03C04  Bacteroidetes  Y Bacteroides vulgatus PC510  Bacteroidetes  Y Bacteroides vulgatus VIII-271C  Bacteroidetes  Y Bacteroides vulgatus VIII-271D  Bacteroidetes  Y Bacteroides sp.

Suits M. D. Thompson A. J. Chavan S. Dinev Z. Dumon C. Smith N. Moremen K. W. Xiang Y. Siriwardena A. Williams S. J. Gilbert H. J. and Davies G. J.

1114  Bacteroidetes  YBacteroides thetaiotaomicron KPPR-3  Bacteroidetes  YBacteroides thetaiotaomicron VIII-271G  Bacteroidetes  Y Bacteroides sp.

